{
    "loss": 0.342922180891037,
    "accuracy": 0.9396551847457886
}